3.0, 3.0, 3.0
3.0, 3.0, 3.0
8.0, 8.0, 8.0
13.0, 8.0, 5.0
18.0, 16.0, 13.0
24.0, 18.0, 16.0
24.0, 18.0, 17.0
25.0, 23.0, 22.0
25.0, 23.0, 22.0
30.0, 24.0, 21.0
30.0, 29.0, 25.0
28.0, 28.0, 27.0
29.0, 28.0, 26.0
31.0, 29.0, 27.0
31.0, 30.0, 27.0
31.0, 30.0, 29.0
19.0, 20.0, 20.0
19.0, 20.0, 20.0
22.0, 23.0, 22.0
23.0, 23.0, 22.0
20.0, 20.0, 20.0
20.0, 21.0, 20.0
23.0, 20.0, 19.0
18.0, 20.0, 19.0
18.0, 20.0, 19.0
18.0, 20.0, 19.0
22.0, 19.0, 16.0
23.0, 18.0, 17.0
23.0, 19.0, 18.0
23.0, 19.0, 18.0
22.0, 19.0, 18.0
22.0, 19.0, 18.0
20.0, 22.0, 24.0
31.0, 30.0, 33.0
23.0, 37.0, 32.0
23.0, 37.0, 32.0
26.0, 32.0, 39.0
26.0, 32.0, 39.0
21.0, 34.0, 44.0
22.0, 35.0, 45.0
6.0, 43.0, 62.0
34.0, 37.0, 29.0
47.0, 42.0, 30.0
47.0, 42.0, 30.0
47.0, 42.0, 30.0
43.0, 34.0, 21.0
48.0, 36.0, 28.0
62.0, 38.0, 28.0
62.0, 38.0, 28.0
61.0, 38.0, 28.0
61.0, 38.0, 28.0
56.0, 56.0, 2.0
55.0, 56.0, 2.0
58.0, 63.0, 42.0
55.0, 50.0, 47.0
54.0, 50.0, 47.0
42.0, 50.0, 41.0
44.0, 51.0, 60.0
44.0, 52.0, 61.0
44.0, 52.0, 61.0
44.0, 52.0, 61.0
47.0, 59.0, 63.0
47.0, 59.0, 63.0
41.0, 57.0, 57.0
42.0, 57.0, 57.0
53.0, 59.0, 58.0
59.0, 63.0, 63.0
59.0, 60.0, 62.0
62.0, 58.0, 61.0
62.0, 58.0, 61.0
62.0, 58.0, 61.0
62.0, 58.0, 61.0
62.0, 58.0, 61.0
62.0, 58.0, 62.0
63.0, 62.0, 62.0
62.0, 59.0, 56.0
57.0, 58.0, 56.0
57.0, 58.0, 56.0
57.0, 58.0, 56.0
56.0, 58.0, 56.0
56.0, 57.0, 55.0
60.0, 56.0, 54.0
52.0, 60.0, 50.0
52.0, 53.0, 53.0
49.0, 49.0, 49.0
53.0, 50.0, 49.0
53.0, 50.0, 49.0
56.0, 51.0, 50.0
63.0, 50.0, 51.0
62.0, 53.0, 53.0
60.0, 55.0, 54.0
60.0, 55.0, 54.0
60.0, 55.0, 54.0
53.0, 54.0, 57.0
54.0, 54.0, 62.0
50.0, 54.0, 59.0
49.0, 53.0, 59.0
48.0, 45.0, 53.0
48.0, 45.0, 53.0
48.0, 45.0, 53.0
48.0, 45.0, 53.0
47.0, 43.0, 40.0
45.0, 44.0, 43.0
46.0, 46.0, 47.0
46.0, 46.0, 47.0
46.0, 46.0, 46.0
46.0, 46.0, 46.0
46.0, 46.0, 46.0
45.0, 45.0, 44.0
45.0, 45.0, 44.0
45.0, 45.0, 45.0
44.0, 46.0, 47.0
34.0, 41.0, 45.0
32.0, 40.0, 47.0
35.0, 35.0, 42.0
32.0, 37.0, 37.0
32.0, 36.0, 36.0
39.0, 39.0, 39.0
38.0, 39.0, 39.0
38.0, 37.0, 35.0
33.0, 32.0, 32.0
33.0, 43.0, 38.0
33.0, 43.0, 38.0
33.0, 43.0, 38.0
39.0, 40.0, 39.0
40.0, 40.0, 39.0
45.0, 42.0, 38.0
41.0, 39.0, 39.0
54.0, 37.0, 38.0
54.0, 36.0, 37.0
54.0, 36.0, 37.0
54.0, 36.0, 37.0
48.0, 41.0, 41.0
48.0, 43.0, 42.0
48.0, 43.0, 42.0
60.0, 45.0, 47.0
60.0, 45.0, 47.0
42.0, 31.0, 18.0
42.0, 31.0, 19.0
37.0, 30.0, 27.0
37.0, 30.0, 27.0
35.0, 29.0, 26.0
35.0, 29.0, 26.0
35.0, 29.0, 26.0
35.0, 30.0, 27.0
35.0, 28.0, 25.0
39.0, 17.0, 29.0
39.0, 17.0, 29.0
38.0, 17.0, 28.0
39.0, 18.0, 30.0
34.0, 21.0, 9.0
79.0, 27.0, 27.0
71.0, 40.0, 23.0
102.0, 50.0, 31.0
122.0, 48.0, 12.0
125.0, 63.0, 55.0
127.0, 51.0, 53.0
105.0, 59.0, 63.0
105.0, 59.0, 63.0
105.0, 59.0, 63.0
98.0, 60.0, 63.0
98.0, 61.0, 35.0
97.0, 55.0, 41.0
90.0, 34.0, 33.0
95.0, 59.0, 46.0
95.0, 59.0, 46.0
95.0, 58.0, 46.0
95.0, 58.0, 46.0
72.0, 57.0, 57.0
72.0, 57.0, 57.0
72.0, 57.0, 57.0
76.0, 50.0, 48.0
64.0, 50.0, 48.0
64.0, 50.0, 48.0
64.0, 62.0, 63.0
64.0, 62.0, 63.0
64.0, 62.0, 63.0
64.0, 61.0, 58.0
70.0, 60.0, 53.0
78.0, 59.0, 44.0
78.0, 59.0, 44.0
78.0, 59.0, 44.0
77.0, 62.0, 47.0
77.0, 62.0, 47.0
76.0, 61.0, 46.0
77.0, 58.0, 43.0
70.0, 49.0, 39.0
70.0, 49.0, 39.0
70.0, 49.0, 39.0
77.0, 49.0, 39.0
75.0, 53.0, 42.0
75.0, 53.0, 42.0
72.0, 40.0, 40.0
70.0, 45.0, 33.0
70.0, 45.0, 33.0
88.0, 29.0, 36.0
88.0, 29.0, 36.0
86.0, 27.0, 34.0
85.0, 27.0, 34.0
87.0, 29.0, 36.0
87.0, 28.0, 36.0
81.0, 13.0, 32.0
81.0, 13.0, 32.0
69.0, 58.0, 68.0
82.0, 63.0, 68.0
82.0, 63.0, 69.0
82.0, 63.0, 69.0
93.0, 55.0, 70.0
93.0, 55.0, 70.0
93.0, 55.0, 70.0
93.0, 54.0, 70.0
93.0, 54.0, 70.0
110.0, 42.0, 86.0
98.0, 60.0, 64.0
125.0, 34.0, 82.0
124.0, 34.0, 82.0
124.0, 34.0, 82.0
124.0, 34.0, 82.0
124.0, 34.0, 82.0
32.0, 45.0, 66.0
32.0, 45.0, 66.0
32.0, 45.0, 66.0
32.0, 45.0, 66.0
32.0, 45.0, 66.0
32.0, 45.0, 66.0
40.0, 58.0, 82.0
50.0, 63.0, 72.0
49.0, 63.0, 72.0
49.0, 63.0, 72.0
60.0, 60.0, 66.0
60.0, 60.0, 66.0
60.0, 60.0, 66.0
60.0, 60.0, 66.0
60.0, 60.0, 66.0
62.0, 58.0, 64.0
50.0, 50.0, 66.0
50.0, 56.0, 69.0
50.0, 62.0, 70.0
35.0, 52.0, 78.0
35.0, 52.0, 78.0
35.0, 52.0, 78.0
35.0, 52.0, 78.0
31.0, 50.0, 78.0
31.0, 50.0, 78.0
46.0, 60.0, 104.0
46.0, 60.0, 104.0
46.0, 60.0, 104.0
46.0, 60.0, 104.0
59.0, 62.0, 97.0
59.0, 62.0, 97.0
56.0, 70.0, 99.0
56.0, 70.0, 99.0
55.0, 72.0, 103.0
55.0, 72.0, 102.0
51.0, 73.0, 109.0
51.0, 73.0, 109.0
27.0, 80.0, 93.0
27.0, 80.0, 93.0
27.0, 80.0, 93.0
26.0, 80.0, 93.0
59.0, 70.0, 70.0
60.0, 64.0, 70.0
61.0, 65.0, 70.0
52.0, 75.0, 87.0
44.0, 115.0, 64.0
44.0, 115.0, 64.0
44.0, 115.0, 64.0
44.0, 115.0, 64.0
27.0, 108.0, 115.0
71.0, 114.0, 113.0
71.0, 114.0, 113.0
79.0, 113.0, 114.0
79.0, 113.0, 115.0
85.0, 108.0, 96.0
85.0, 108.0, 96.0
95.0, 96.0, 98.0
89.0, 110.0, 106.0
82.0, 100.0, 111.0
79.0, 92.0, 106.0
79.0, 92.0, 106.0
81.0, 88.0, 108.0
81.0, 88.0, 108.0
98.0, 95.0, 102.0
98.0, 95.0, 102.0
98.0, 95.0, 102.0
98.0, 95.0, 102.0
98.0, 95.0, 102.0
98.0, 95.0, 102.0
98.0, 95.0, 102.0
98.0, 95.0, 102.0
98.0, 95.0, 102.0
98.0, 95.0, 102.0
101.0, 86.0, 102.0
101.0, 86.0, 102.0
101.0, 86.0, 102.0
101.0, 86.0, 102.0
102.0, 84.0, 104.0
102.0, 84.0, 104.0
126.0, 70.0, 124.0
115.0, 99.0, 117.0
115.0, 99.0, 117.0
122.0, 106.0, 116.0
119.0, 110.0, 114.0
116.0, 106.0, 119.0
121.0, 118.0, 120.0
121.0, 118.0, 120.0
125.0, 118.0, 119.0
125.0, 119.0, 119.0
125.0, 119.0, 119.0
125.0, 119.0, 119.0
124.0, 122.0, 119.0
126.0, 121.0, 115.0
125.0, 120.0, 114.0
124.0, 123.0, 120.0
122.0, 120.0, 123.0
123.0, 121.0, 122.0
122.0, 126.0, 123.0
115.0, 126.0, 112.0
115.0, 126.0, 112.0
116.0, 116.0, 116.0
116.0, 116.0, 116.0
114.0, 114.0, 113.0
115.0, 115.0, 115.0
118.0, 115.0, 119.0
118.0, 115.0, 119.0
118.0, 115.0, 119.0
118.0, 115.0, 119.0
106.0, 114.0, 112.0
106.0, 114.0, 112.0
111.0, 127.0, 127.0
104.0, 101.0, 108.0
104.0, 101.0, 108.0
104.0, 101.0, 108.0
104.0, 101.0, 108.0
104.0, 103.0, 105.0
104.0, 103.0, 105.0
106.0, 110.0, 110.0
104.0, 105.0, 103.0
104.0, 105.0, 103.0
105.0, 104.0, 97.0
106.0, 96.0, 98.0
104.0, 96.0, 97.0
101.0, 102.0, 103.0
101.0, 102.0, 103.0
97.0, 97.0, 97.0
97.0, 97.0, 97.0
97.0, 100.0, 102.0
98.0, 121.0, 110.0
114.0, 125.0, 111.0
120.0, 124.0, 101.0
125.0, 120.0, 102.0
125.0, 121.0, 103.0
125.0, 124.0, 104.0
126.0, 126.0, 110.0
126.0, 126.0, 110.0
123.0, 117.0, 104.0
123.0, 117.0, 105.0
126.0, 115.0, 109.0
122.0, 109.0, 97.0
122.0, 109.0, 97.0
126.0, 99.0, 107.0
126.0, 99.0, 107.0
127.0, 99.0, 110.0
127.0, 99.0, 110.0
117.0, 98.0, 97.0
117.0, 98.0, 97.0
117.0, 98.0, 97.0
117.0, 98.0, 97.0
117.0, 98.0, 97.0
117.0, 98.0, 97.0
120.0, 101.0, 93.0
113.0, 103.0, 90.0
113.0, 102.0, 89.0
113.0, 102.0, 89.0
113.0, 96.0, 81.0
118.0, 107.0, 91.0
114.0, 104.0, 91.0
114.0, 104.0, 91.0
114.0, 104.0, 91.0
114.0, 104.0, 91.0
120.0, 112.0, 95.0
120.0, 112.0, 95.0
120.0, 112.0, 95.0
120.0, 112.0, 95.0
127.0, 112.0, 81.0
108.0, 97.0, 89.0
108.0, 97.0, 89.0
108.0, 97.0, 89.0
108.0, 97.0, 89.0
108.0, 97.0, 89.0
108.0, 97.0, 89.0
108.0, 97.0, 89.0
108.0, 97.0, 89.0
108.0, 97.0, 89.0
108.0, 97.0, 89.0
111.0, 98.0, 83.0
111.0, 98.0, 83.0
111.0, 98.0, 83.0
111.0, 100.0, 74.0
111.0, 100.0, 74.0
115.0, 101.0, 66.0
115.0, 101.0, 66.0
114.0, 91.0, 72.0
114.0, 91.0, 72.0
114.0, 91.0, 72.0
114.0, 91.0, 72.0
114.0, 91.0, 72.0
114.0, 91.0, 72.0
114.0, 91.0, 72.0
112.0, 94.0, 79.0
115.0, 90.0, 76.0
115.0, 90.0, 76.0
112.0, 95.0, 80.0
113.0, 95.0, 80.0
113.0, 93.0, 82.0
115.0, 92.0, 86.0
115.0, 92.0, 86.0
115.0, 92.0, 86.0
115.0, 92.0, 86.0
114.0, 91.0, 86.0
114.0, 91.0, 86.0
116.0, 95.0, 86.0
126.0, 84.0, 90.0
126.0, 84.0, 90.0
112.0, 76.0, 81.0
117.0, 76.0, 72.0
105.0, 79.0, 79.0
105.0, 79.0, 79.0
102.0, 79.0, 67.0
99.0, 66.0, 65.0
97.0, 65.0, 86.0
104.0, 73.0, 83.0
96.0, 73.0, 83.0
100.0, 83.0, 86.0
96.0, 92.0, 94.0
106.0, 89.0, 88.0
106.0, 89.0, 88.0
97.0, 91.0, 81.0
97.0, 91.0, 81.0
97.0, 91.0, 81.0
97.0, 91.0, 81.0
97.0, 91.0, 81.0
97.0, 91.0, 81.0
99.0, 91.0, 87.0
99.0, 91.0, 87.0
98.0, 91.0, 85.0
108.0, 86.0, 73.0
108.0, 86.0, 76.0
110.0, 93.0, 78.0
111.0, 88.0, 75.0
109.0, 86.0, 68.0
109.0, 86.0, 68.0
108.0, 80.0, 65.0
108.0, 80.0, 65.0
107.0, 80.0, 64.0
107.0, 80.0, 64.0
80.0, 80.0, 79.0
80.0, 80.0, 79.0
80.0, 80.0, 79.0
80.0, 80.0, 79.0
80.0, 80.0, 79.0
85.0, 83.0, 79.0
89.0, 80.0, 72.0
90.0, 81.0, 74.0
92.0, 90.0, 87.0
92.0, 89.0, 84.0
91.0, 91.0, 83.0
89.0, 88.0, 83.0
89.0, 88.0, 83.0
91.0, 91.0, 87.0
91.0, 92.0, 83.0
91.0, 92.0, 83.0
87.0, 90.0, 91.0
81.0, 93.0, 94.0
80.0, 90.0, 94.0
94.0, 94.0, 90.0
89.0, 91.0, 90.0
88.0, 90.0, 90.0
88.0, 90.0, 91.0
91.0, 89.0, 90.0
93.0, 89.0, 88.0
94.0, 90.0, 89.0
84.0, 85.0, 94.0
87.0, 86.0, 87.0
87.0, 86.0, 87.0
84.0, 84.0, 84.0
84.0, 84.0, 84.0
82.0, 82.0, 82.0
82.0, 82.0, 82.0
82.0, 82.0, 82.0
82.0, 82.0, 82.0
82.0, 82.0, 82.0
80.0, 80.0, 80.0
80.0, 80.0, 80.0
85.0, 83.0, 80.0
85.0, 83.0, 80.0
85.0, 83.0, 80.0
89.0, 83.0, 83.0
88.0, 84.0, 84.0
88.0, 84.0, 84.0
88.0, 84.0, 84.0
92.0, 87.0, 82.0
94.0, 87.0, 87.0
81.0, 79.0, 80.0
80.0, 78.0, 74.0
80.0, 78.0, 74.0
80.0, 78.0, 75.0
78.0, 68.0, 68.0
78.0, 68.0, 68.0
78.0, 68.0, 68.0
77.0, 79.0, 78.0
77.0, 79.0, 78.0
77.0, 77.0, 77.0
77.0, 77.0, 77.0
77.0, 77.0, 77.0
77.0, 77.0, 77.0
77.0, 77.0, 77.0
77.0, 77.0, 77.0
77.0, 77.0, 77.0
77.0, 77.0, 77.0
74.0, 74.0, 72.0
74.0, 74.0, 72.0
75.0, 75.0, 73.0
75.0, 75.0, 73.0
75.0, 75.0, 75.0
73.0, 75.0, 75.0
72.0, 73.0, 73.0
67.0, 72.0, 69.0
67.0, 72.0, 69.0
67.0, 68.0, 68.0
67.0, 68.0, 68.0
67.0, 68.0, 68.0
67.0, 68.0, 68.0
68.0, 68.0, 67.0
68.0, 68.0, 67.0
69.0, 68.0, 67.0
70.0, 69.0, 67.0
70.0, 69.0, 67.0
70.0, 69.0, 67.0
67.0, 66.0, 65.0
67.0, 66.0, 65.0
65.0, 67.0, 64.0
67.0, 67.0, 67.0
67.0, 67.0, 67.0
67.0, 67.0, 66.0
67.0, 67.0, 66.0
66.0, 66.0, 66.0
66.0, 66.0, 67.0
70.0, 64.0, 82.0
75.0, 75.0, 94.0
77.0, 75.0, 81.0
72.0, 76.0, 83.0
72.0, 76.0, 83.0
72.0, 76.0, 83.0
72.0, 76.0, 83.0
72.0, 76.0, 83.0
72.0, 76.0, 83.0
71.0, 75.0, 83.0
71.0, 75.0, 83.0
79.0, 80.0, 80.0
77.0, 87.0, 94.0
77.0, 87.0, 94.0
77.0, 87.0, 94.0
77.0, 87.0, 94.0
77.0, 88.0, 94.0
77.0, 88.0, 94.0
78.0, 88.0, 92.0
78.0, 89.0, 92.0
76.0, 92.0, 93.0
78.0, 88.0, 86.0
72.0, 84.0, 73.0
94.0, 110.0, 88.0
94.0, 110.0, 88.0
94.0, 110.0, 88.0
85.0, 107.0, 95.0
84.0, 107.0, 95.0
80.0, 96.0, 93.0
80.0, 96.0, 93.0
80.0, 96.0, 94.0
80.0, 96.0, 94.0
80.0, 96.0, 94.0
77.0, 69.0, 47.0
69.0, 65.0, 63.0
74.0, 72.0, 50.0
74.0, 74.0, 57.0
74.0, 74.0, 57.0
75.0, 71.0, 49.0
75.0, 71.0, 49.0
80.0, 64.0, 53.0
80.0, 67.0, 59.0
84.0, 75.0, 53.0
89.0, 69.0, 61.0
93.0, 69.0, 60.0
94.0, 67.0, 52.0
94.0, 67.0, 52.0
94.0, 67.0, 52.0
94.0, 67.0, 52.0
94.0, 67.0, 52.0
94.0, 67.0, 52.0
94.0, 67.0, 52.0
94.0, 67.0, 52.0
94.0, 67.0, 52.0
94.0, 67.0, 52.0
94.0, 67.0, 52.0
94.0, 67.0, 52.0
94.0, 67.0, 52.0
94.0, 67.0, 52.0
95.0, 68.0, 53.0
95.0, 68.0, 53.0
85.0, 73.0, 39.0
86.0, 74.0, 40.0
86.0, 74.0, 40.0
86.0, 74.0, 40.0
86.0, 74.0, 40.0
86.0, 74.0, 40.0
86.0, 74.0, 40.0
85.0, 80.0, 53.0
90.0, 81.0, 61.0
90.0, 81.0, 60.0
90.0, 81.0, 60.0
90.0, 81.0, 60.0
92.0, 82.0, 62.0
97.0, 81.0, 58.0
97.0, 81.0, 58.0
96.0, 82.0, 52.0
96.0, 82.0, 52.0
96.0, 82.0, 52.0
96.0, 82.0, 52.0
96.0, 73.0, 55.0
97.0, 74.0, 55.0
105.0, 76.0, 62.0
105.0, 76.0, 62.0
105.0, 76.0, 62.0
105.0, 76.0, 62.0
109.0, 79.0, 62.0
125.0, 85.0, 54.0
120.0, 80.0, 53.0
119.0, 80.0, 53.0
112.0, 83.0, 63.0
81.0, 79.0, 30.0
81.0, 79.0, 31.0
63.0, 87.0, 49.0
61.0, 64.0, 62.0
17.0, 124.0, 52.0
119.0, 164.0, 66.0
125.0, 139.0, 115.0
125.0, 139.0, 115.0
125.0, 139.0, 115.0
123.0, 137.0, 122.0
123.0, 137.0, 122.0
120.0, 136.0, 126.0
125.0, 134.0, 90.0
125.0, 134.0, 90.0
187.0, 177.0, 23.0
185.0, 173.0, 27.0
185.0, 173.0, 27.0
185.0, 173.0, 27.0
184.0, 145.0, 63.0
137.0, 130.0, 95.0
137.0, 130.0, 95.0
145.0, 131.0, 95.0
179.0, 128.0, 65.0
181.0, 143.0, 66.0
176.0, 140.0, 75.0
176.0, 140.0, 75.0
161.0, 133.0, 108.0
170.0, 140.0, 101.0
189.0, 133.0, 103.0
183.0, 131.0, 102.0
187.0, 158.0, 122.0
177.0, 154.0, 121.0
176.0, 157.0, 127.0
174.0, 155.0, 126.0
166.0, 139.0, 121.0
166.0, 139.0, 121.0
170.0, 141.0, 120.0
163.0, 142.0, 119.0
160.0, 131.0, 117.0
152.0, 129.0, 123.0
152.0, 129.0, 123.0
147.0, 142.0, 124.0
145.0, 142.0, 120.0
145.0, 133.0, 123.0
147.0, 133.0, 124.0
143.0, 130.0, 126.0
140.0, 128.0, 127.0
140.0, 128.0, 127.0
140.0, 128.0, 127.0
140.0, 128.0, 127.0
143.0, 128.0, 123.0
143.0, 128.0, 123.0
139.0, 135.0, 125.0
139.0, 135.0, 125.0
139.0, 135.0, 125.0
129.0, 134.0, 121.0
128.0, 130.0, 117.0
135.0, 128.0, 117.0
135.0, 128.0, 117.0
131.0, 128.0, 114.0
135.0, 128.0, 105.0
135.0, 128.0, 105.0
135.0, 128.0, 105.0
147.0, 130.0, 103.0
159.0, 129.0, 101.0
148.0, 131.0, 104.0
180.0, 171.0, 70.0
180.0, 172.0, 70.0
180.0, 172.0, 70.0
212.0, 212.0, 117.0
204.0, 213.0, 84.0
204.0, 166.0, 83.0
193.0, 157.0, 121.0
194.0, 137.0, 87.0
194.0, 137.0, 87.0
193.0, 28.0, 55.0
193.0, 28.0, 55.0
193.0, 28.0, 55.0
170.0, 26.0, 49.0
170.0, 26.0, 49.0
170.0, 26.0, 49.0
171.0, 26.0, 49.0
171.0, 26.0, 49.0
138.0, 29.0, 26.0
138.0, 29.0, 26.0
143.0, 52.0, 35.0
143.0, 52.0, 35.0
129.0, 52.0, 24.0
148.0, 39.0, 20.0
161.0, 79.0, 45.0
161.0, 79.0, 46.0
173.0, 87.0, 43.0
174.0, 98.0, 50.0
151.0, 108.0, 46.0
151.0, 108.0, 46.0
151.0, 108.0, 46.0
133.0, 98.0, 47.0
133.0, 99.0, 47.0
133.0, 99.0, 47.0
130.0, 98.0, 51.0
130.0, 70.0, 62.0
132.0, 77.0, 88.0
156.0, 83.0, 73.0
156.0, 83.0, 73.0
156.0, 83.0, 73.0
156.0, 83.0, 74.0
156.0, 83.0, 74.0
128.0, 95.0, 72.0
128.0, 95.0, 72.0
128.0, 109.0, 95.0
133.0, 110.0, 94.0
140.0, 106.0, 86.0
142.0, 109.0, 85.0
129.0, 115.0, 95.0
129.0, 115.0, 95.0
129.0, 116.0, 93.0
129.0, 116.0, 93.0
128.0, 116.0, 93.0
178.0, 122.0, 91.0
185.0, 119.0, 119.0
185.0, 119.0, 119.0
167.0, 124.0, 127.0
167.0, 124.0, 127.0
150.0, 96.0, 112.0
147.0, 98.0, 115.0
151.0, 107.0, 112.0
151.0, 104.0, 112.0
150.0, 105.0, 110.0
151.0, 104.0, 111.0
151.0, 104.0, 111.0
147.0, 119.0, 98.0
149.0, 117.0, 99.0
148.0, 115.0, 98.0
149.0, 113.0, 125.0
149.0, 113.0, 125.0
148.0, 113.0, 124.0
148.0, 113.0, 124.0
149.0, 122.0, 123.0
151.0, 123.0, 125.0
150.0, 127.0, 121.0
142.0, 124.0, 114.0
143.0, 125.0, 118.0
143.0, 121.0, 123.0
132.0, 116.0, 123.0
133.0, 122.0, 122.0
133.0, 122.0, 122.0
128.0, 125.0, 124.0
128.0, 125.0, 124.0
134.0, 124.0, 122.0
134.0, 124.0, 122.0
133.0, 126.0, 112.0
133.0, 126.0, 112.0
136.0, 121.0, 106.0
137.0, 119.0, 97.0
133.0, 109.0, 118.0
133.0, 109.0, 118.0
133.0, 109.0, 118.0
142.0, 97.0, 112.0
130.0, 93.0, 124.0
151.0, 93.0, 118.0
151.0, 93.0, 118.0
151.0, 93.0, 118.0
151.0, 93.0, 118.0
151.0, 93.0, 118.0
152.0, 93.0, 98.0
136.0, 66.0, 126.0
136.0, 66.0, 126.0
141.0, 60.0, 83.0
141.0, 60.0, 83.0
141.0, 61.0, 83.0
202.0, 93.0, 86.0
202.0, 92.0, 86.0
203.0, 92.0, 86.0
203.0, 92.0, 86.0
204.0, 121.0, 67.0
204.0, 121.0, 67.0
204.0, 121.0, 67.0
130.0, 111.0, 146.0
152.0, 118.0, 148.0
152.0, 119.0, 149.0
147.0, 111.0, 133.0
147.0, 111.0, 133.0
149.0, 107.0, 134.0
149.0, 107.0, 134.0
154.0, 110.0, 133.0
154.0, 110.0, 133.0
154.0, 110.0, 133.0
166.0, 126.0, 146.0
166.0, 121.0, 150.0
166.0, 121.0, 150.0
160.0, 125.0, 142.0
182.0, 111.0, 135.0
182.0, 111.0, 135.0
182.0, 111.0, 135.0
185.0, 97.0, 129.0
185.0, 97.0, 129.0
185.0, 98.0, 129.0
217.0, 189.0, 198.0
218.0, 190.0, 200.0
218.0, 190.0, 200.0
218.0, 190.0, 200.0
213.0, 131.0, 178.0
209.0, 152.0, 158.0
209.0, 152.0, 158.0
202.0, 144.0, 154.0
207.0, 154.0, 144.0
207.0, 154.0, 144.0
203.0, 136.0, 149.0
203.0, 136.0, 149.0
203.0, 136.0, 149.0
203.0, 136.0, 149.0
203.0, 136.0, 149.0
201.0, 141.0, 136.0
203.0, 130.0, 133.0
203.0, 130.0, 133.0
203.0, 130.0, 133.0
198.0, 132.0, 133.0
198.0, 132.0, 133.0
198.0, 132.0, 133.0
198.0, 132.0, 133.0
198.0, 132.0, 133.0
198.0, 138.0, 133.0
195.0, 137.0, 132.0
233.0, 185.0, 150.0
233.0, 185.0, 150.0
229.0, 179.0, 137.0
229.0, 179.0, 137.0
193.0, 170.0, 140.0
207.0, 177.0, 159.0
207.0, 177.0, 159.0
196.0, 186.0, 155.0
198.0, 187.0, 155.0
198.0, 188.0, 156.0
198.0, 188.0, 156.0
209.0, 187.0, 154.0
210.0, 188.0, 155.0
219.0, 165.0, 170.0
194.0, 178.0, 160.0
205.0, 185.0, 167.0
205.0, 185.0, 167.0
200.0, 181.0, 165.0
202.0, 183.0, 165.0
202.0, 183.0, 165.0
200.0, 179.0, 169.0
200.0, 179.0, 169.0
200.0, 179.0, 169.0
200.0, 182.0, 168.0
204.0, 189.0, 172.0
201.0, 189.0, 172.0
201.0, 189.0, 172.0
201.0, 189.0, 172.0
201.0, 189.0, 172.0
202.0, 185.0, 170.0
195.0, 184.0, 168.0
192.0, 187.0, 173.0
195.0, 176.0, 170.0
195.0, 176.0, 169.0
195.0, 176.0, 169.0
195.0, 176.0, 169.0
195.0, 190.0, 183.0
196.0, 190.0, 183.0
196.0, 189.0, 181.0
201.0, 188.0, 181.0
230.0, 190.0, 174.0
236.0, 193.0, 174.0
236.0, 192.0, 174.0
237.0, 196.0, 175.0
237.0, 196.0, 175.0
234.0, 193.0, 175.0
234.0, 193.0, 175.0
234.0, 193.0, 176.0
234.0, 193.0, 176.0
236.0, 197.0, 186.0
234.0, 195.0, 184.0
228.0, 205.0, 184.0
227.0, 207.0, 184.0
210.0, 197.0, 189.0
210.0, 197.0, 189.0
210.0, 197.0, 189.0
210.0, 197.0, 189.0
209.0, 197.0, 189.0
209.0, 197.0, 189.0
209.0, 197.0, 189.0
209.0, 197.0, 189.0
208.0, 197.0, 182.0
208.0, 197.0, 182.0
208.0, 197.0, 182.0
208.0, 197.0, 182.0
195.0, 198.0, 191.0
195.0, 198.0, 191.0
195.0, 198.0, 190.0
195.0, 198.0, 190.0
195.0, 198.0, 190.0
197.0, 194.0, 188.0
199.0, 193.0, 186.0
199.0, 193.0, 186.0
196.0, 193.0, 187.0
196.0, 193.0, 187.0
203.0, 194.0, 165.0
203.0, 194.0, 165.0
203.0, 194.0, 165.0
193.0, 194.0, 144.0
248.0, 218.0, 130.0
248.0, 218.0, 130.0
224.0, 230.0, 219.0
227.0, 230.0, 219.0
227.0, 230.0, 219.0
227.0, 230.0, 219.0
227.0, 230.0, 219.0
245.0, 240.0, 231.0
246.0, 241.0, 229.0
246.0, 241.0, 229.0
246.0, 240.0, 229.0
253.0, 251.0, 252.0
253.0, 251.0, 252.0
253.0, 251.0, 252.0
252.0, 252.0, 252.0
252.0, 252.0, 252.0
248.0, 248.0, 248.0
248.0, 248.0, 248.0
248.0, 248.0, 248.0
248.0, 248.0, 248.0
248.0, 248.0, 249.0
248.0, 248.0, 247.0
247.0, 245.0, 246.0
247.0, 245.0, 246.0
241.0, 240.0, 240.0
240.0, 240.0, 240.0
242.0, 241.0, 241.0
248.0, 247.0, 246.0
239.0, 239.0, 239.0
238.0, 238.0, 238.0
238.0, 238.0, 238.0
237.0, 237.0, 237.0
237.0, 237.0, 237.0
235.0, 233.0, 237.0
230.0, 235.0, 238.0
229.0, 227.0, 227.0
228.0, 226.0, 225.0
234.0, 230.0, 227.0
234.0, 230.0, 226.0
240.0, 239.0, 239.0
241.0, 234.0, 227.0
241.0, 234.0, 227.0
241.0, 234.0, 227.0
241.0, 234.0, 227.0
242.0, 234.0, 227.0
242.0, 234.0, 227.0
235.0, 215.0, 229.0
235.0, 215.0, 229.0
235.0, 215.0, 229.0
235.0, 215.0, 229.0
234.0, 214.0, 228.0
234.0, 214.0, 228.0
234.0, 214.0, 228.0
234.0, 214.0, 228.0
224.0, 222.0, 221.0
231.0, 213.0, 193.0
231.0, 213.0, 193.0
225.0, 214.0, 203.0
225.0, 214.0, 202.0
225.0, 200.0, 207.0
224.0, 200.0, 207.0
225.0, 199.0, 204.0
225.0, 199.0, 204.0
224.0, 198.0, 203.0
218.0, 192.0, 202.0
218.0, 192.0, 202.0
218.0, 192.0, 202.0
218.0, 192.0, 202.0
210.0, 199.0, 199.0
209.0, 194.0, 193.0
222.0, 192.0, 197.0
218.0, 204.0, 199.0
218.0, 204.0, 199.0
211.0, 206.0, 205.0
211.0, 206.0, 205.0
210.0, 205.0, 204.0
218.0, 207.0, 200.0
217.0, 206.0, 200.0
219.0, 205.0, 201.0
223.0, 214.0, 207.0
223.0, 214.0, 207.0
219.0, 208.0, 204.0
219.0, 211.0, 192.0
219.0, 211.0, 192.0
219.0, 211.0, 192.0
219.0, 219.0, 212.0
223.0, 221.0, 220.0
212.0, 211.0, 210.0
212.0, 211.0, 210.0
212.0, 211.0, 211.0
207.0, 218.0, 193.0
204.0, 218.0, 194.0
204.0, 218.0, 194.0
204.0, 218.0, 194.0
204.0, 218.0, 194.0
204.0, 218.0, 194.0
201.0, 200.0, 204.0
207.0, 206.0, 203.0
207.0, 206.0, 203.0
206.0, 200.0, 200.0
202.0, 202.0, 202.0
202.0, 202.0, 202.0
202.0, 202.0, 202.0
202.0, 202.0, 202.0
202.0, 202.0, 202.0
207.0, 203.0, 197.0
207.0, 203.0, 197.0
196.0, 196.0, 193.0
196.0, 196.0, 193.0
196.0, 196.0, 193.0
196.0, 196.0, 193.0
196.0, 196.0, 193.0
199.0, 199.0, 199.0
199.0, 199.0, 199.0
199.0, 199.0, 199.0
199.0, 198.0, 198.0
199.0, 198.0, 198.0
194.0, 192.0, 192.0
196.0, 192.0, 193.0
203.0, 198.0, 198.0
205.0, 205.0, 208.0
205.0, 205.0, 208.0
205.0, 205.0, 208.0
206.0, 206.0, 209.0
206.0, 206.0, 209.0
211.0, 217.0, 236.0
211.0, 217.0, 236.0
211.0, 222.0, 226.0
223.0, 231.0, 229.0
223.0, 231.0, 229.0
223.0, 231.0, 229.0
215.0, 229.0, 235.0
186.0, 198.0, 198.0
186.0, 198.0, 198.0
189.0, 199.0, 194.0
159.0, 164.0, 177.0
159.0, 164.0, 177.0
159.0, 164.0, 177.0
147.0, 160.0, 175.0
147.0, 160.0, 175.0
147.0, 160.0, 175.0
147.0, 160.0, 175.0
147.0, 160.0, 175.0
155.0, 170.0, 160.0
159.0, 173.0, 175.0
167.0, 178.0, 177.0
171.0, 174.0, 180.0
171.0, 174.0, 180.0
171.0, 174.0, 180.0
171.0, 174.0, 180.0
171.0, 174.0, 180.0
171.0, 174.0, 180.0
171.0, 174.0, 180.0
186.0, 165.0, 183.0
188.0, 184.0, 185.0
188.0, 184.0, 185.0
188.0, 184.0, 185.0
188.0, 184.0, 185.0
187.0, 187.0, 185.0
186.0, 186.0, 190.0
186.0, 186.0, 190.0
186.0, 186.0, 190.0
186.0, 186.0, 190.0
176.0, 176.0, 181.0
176.0, 176.0, 181.0
176.0, 176.0, 181.0
176.0, 176.0, 181.0
176.0, 176.0, 182.0
180.0, 182.0, 177.0
180.0, 182.0, 177.0
183.0, 187.0, 181.0
183.0, 187.0, 181.0
181.0, 185.0, 179.0
181.0, 185.0, 179.0
184.0, 187.0, 181.0
184.0, 187.0, 181.0
189.0, 185.0, 183.0
189.0, 181.0, 179.0
189.0, 181.0, 179.0
189.0, 181.0, 179.0
186.0, 182.0, 177.0
186.0, 181.0, 181.0
186.0, 181.0, 181.0
186.0, 181.0, 181.0
190.0, 183.0, 183.0
190.0, 183.0, 183.0
189.0, 182.0, 169.0
182.0, 178.0, 165.0
184.0, 174.0, 160.0
184.0, 175.0, 162.0
185.0, 169.0, 170.0
185.0, 169.0, 170.0
185.0, 171.0, 169.0
185.0, 166.0, 175.0
185.0, 166.0, 175.0
185.0, 166.0, 175.0
185.0, 166.0, 175.0
185.0, 166.0, 175.0
185.0, 166.0, 175.0
184.0, 166.0, 175.0
184.0, 166.0, 175.0
184.0, 166.0, 175.0
184.0, 166.0, 175.0
184.0, 166.0, 175.0
184.0, 166.0, 175.0
189.0, 167.0, 160.0
189.0, 167.0, 160.0
181.0, 165.0, 162.0
179.0, 165.0, 166.0
177.0, 163.0, 162.0
177.0, 163.0, 162.0
178.0, 163.0, 163.0
178.0, 163.0, 163.0
176.0, 162.0, 161.0
176.0, 169.0, 169.0
176.0, 169.0, 169.0
176.0, 169.0, 169.0
183.0, 174.0, 161.0
183.0, 174.0, 161.0
183.0, 174.0, 161.0
183.0, 174.0, 160.0
173.0, 168.0, 165.0
171.0, 170.0, 170.0
175.0, 167.0, 165.0
174.0, 165.0, 165.0
172.0, 164.0, 164.0
172.0, 164.0, 164.0
172.0, 164.0, 164.0
170.0, 162.0, 162.0
165.0, 160.0, 164.0
166.0, 162.0, 162.0
167.0, 163.0, 162.0
167.0, 163.0, 162.0
166.0, 166.0, 166.0
166.0, 166.0, 166.0
165.0, 165.0, 165.0
165.0, 165.0, 165.0
165.0, 165.0, 165.0
164.0, 165.0, 167.0
164.0, 165.0, 167.0
160.0, 160.0, 160.0
161.0, 168.0, 170.0
161.0, 168.0, 170.0
160.0, 161.0, 151.0
160.0, 161.0, 151.0
169.0, 160.0, 155.0
175.0, 166.0, 158.0
171.0, 162.0, 149.0
183.0, 172.0, 145.0
183.0, 172.0, 145.0
183.0, 161.0, 150.0
179.0, 161.0, 155.0
178.0, 164.0, 159.0
182.0, 161.0, 158.0
189.0, 169.0, 141.0
189.0, 169.0, 141.0
187.0, 166.0, 141.0
188.0, 167.0, 141.0
182.0, 170.0, 143.0
182.0, 170.0, 143.0
182.0, 170.0, 143.0
167.0, 163.0, 142.0
167.0, 163.0, 142.0
150.0, 187.0, 159.0
150.0, 187.0, 159.0
151.0, 186.0, 159.0
158.0, 150.0, 139.0
158.0, 150.0, 139.0
158.0, 151.0, 140.0
158.0, 151.0, 140.0
158.0, 149.0, 141.0
158.0, 144.0, 143.0
156.0, 147.0, 131.0
155.0, 148.0, 132.0
148.0, 146.0, 143.0
148.0, 153.0, 142.0
148.0, 153.0, 142.0
131.0, 146.0, 138.0
135.0, 145.0, 149.0
133.0, 144.0, 154.0
133.0, 144.0, 154.0
133.0, 144.0, 154.0
134.0, 150.0, 154.0
142.0, 152.0, 158.0
156.0, 152.0, 158.0
156.0, 154.0, 154.0
156.0, 154.0, 154.0
156.0, 155.0, 155.0
154.0, 153.0, 154.0
152.0, 154.0, 148.0
152.0, 154.0, 148.0
152.0, 154.0, 148.0
157.0, 155.0, 150.0
153.0, 153.0, 145.0
153.0, 153.0, 145.0
149.0, 157.0, 148.0
149.0, 157.0, 148.0
150.0, 152.0, 151.0
144.0, 153.0, 150.0
146.0, 148.0, 151.0
149.0, 149.0, 148.0
150.0, 149.0, 150.0
150.0, 149.0, 150.0
150.0, 149.0, 150.0
150.0, 149.0, 150.0
150.0, 149.0, 150.0
150.0, 149.0, 150.0
151.0, 149.0, 150.0
144.0, 144.0, 144.0
147.0, 146.0, 145.0
146.0, 145.0, 144.0
146.0, 145.0, 145.0
147.0, 145.0, 145.0
154.0, 148.0, 146.0
154.0, 148.0, 146.0
144.0, 149.0, 152.0
134.0, 136.0, 147.0
134.0, 136.0, 147.0
142.0, 140.0, 138.0
133.0, 139.0, 140.0
132.0, 129.0, 132.0
133.0, 133.0, 133.0
133.0, 133.0, 133.0
133.0, 133.0, 133.0
133.0, 133.0, 133.0
133.0, 133.0, 133.0
133.0, 132.0, 132.0
132.0, 132.0, 132.0
140.0, 137.0, 135.0
139.0, 128.0, 133.0
139.0, 128.0, 133.0
148.0, 141.0, 136.0
147.0, 141.0, 138.0
147.0, 141.0, 138.0
147.0, 141.0, 138.0
147.0, 141.0, 138.0
146.0, 139.0, 134.0
150.0, 138.0, 132.0
155.0, 139.0, 132.0
155.0, 139.0, 132.0
156.0, 139.0, 133.0
156.0, 140.0, 135.0
156.0, 140.0, 135.0
156.0, 140.0, 135.0
157.0, 143.0, 141.0
157.0, 142.0, 141.0
157.0, 142.0, 141.0
160.0, 139.0, 139.0
160.0, 140.0, 139.0
173.0, 142.0, 140.0
173.0, 142.0, 140.0
167.0, 151.0, 138.0
167.0, 151.0, 138.0
167.0, 151.0, 138.0
164.0, 148.0, 137.0
164.0, 148.0, 137.0
166.0, 152.0, 133.0
166.0, 152.0, 133.0
169.0, 154.0, 135.0
175.0, 153.0, 136.0
175.0, 153.0, 136.0
173.0, 151.0, 137.0
173.0, 151.0, 137.0
173.0, 151.0, 137.0
173.0, 151.0, 137.0
169.0, 151.0, 134.0
183.0, 146.0, 141.0
176.0, 154.0, 137.0
176.0, 154.0, 137.0
180.0, 153.0, 139.0
178.0, 155.0, 142.0
183.0, 157.0, 143.0
177.0, 153.0, 128.0
182.0, 153.0, 129.0
180.0, 155.0, 129.0
181.0, 155.0, 130.0
181.0, 155.0, 130.0
188.0, 152.0, 135.0
189.0, 145.0, 151.0
189.0, 145.0, 151.0
189.0, 145.0, 151.0
188.0, 150.0, 146.0
177.0, 155.0, 153.0
176.0, 159.0, 155.0
178.0, 156.0, 154.0
182.0, 159.0, 149.0
176.0, 152.0, 144.0
179.0, 155.0, 149.0
175.0, 159.0, 158.0
160.0, 157.0, 157.0
162.0, 159.0, 155.0
164.0, 149.0, 146.0
165.0, 150.0, 144.0
173.0, 143.0, 145.0
163.0, 157.0, 167.0
188.0, 146.0, 166.0
188.0, 146.0, 166.0
188.0, 146.0, 166.0
185.0, 145.0, 163.0
149.0, 155.0, 172.0
149.0, 155.0, 172.0
128.0, 138.0, 166.0
131.0, 166.0, 210.0
141.0, 176.0, 200.0
141.0, 176.0, 200.0
155.0, 176.0, 199.0
155.0, 176.0, 199.0
154.0, 176.0, 198.0
154.0, 176.0, 198.0
182.0, 190.0, 194.0
182.0, 190.0, 194.0
182.0, 190.0, 194.0
182.0, 190.0, 194.0
182.0, 190.0, 194.0
182.0, 190.0, 194.0
184.0, 135.0, 196.0
120.0, 161.0, 214.0
120.0, 141.0, 167.0
120.0, 141.0, 167.0
120.0, 141.0, 167.0
116.0, 136.0, 169.0
125.0, 159.0, 186.0
64.0, 148.0, 168.0
118.0, 128.0, 135.0
118.0, 128.0, 135.0
113.0, 130.0, 132.0
122.0, 132.0, 134.0
125.0, 131.0, 134.0
123.0, 132.0, 138.0
125.0, 132.0, 141.0
125.0, 132.0, 141.0
125.0, 132.0, 141.0
125.0, 132.0, 141.0
122.0, 170.0, 187.0
43.0, 134.0, 175.0
63.0, 148.0, 168.0
63.0, 148.0, 168.0
63.0, 148.0, 168.0
63.0, 148.0, 168.0
52.0, 146.0, 176.0
51.0, 88.0, 205.0
67.0, 126.0, 165.0
67.0, 126.0, 165.0
67.0, 126.0, 165.0
66.0, 126.0, 166.0
66.0, 126.0, 166.0
127.0, 111.0, 151.0
125.0, 110.0, 152.0
125.0, 110.0, 152.0
124.0, 111.0, 152.0
124.0, 111.0, 152.0
124.0, 110.0, 153.0
124.0, 110.0, 153.0
124.0, 111.0, 154.0
124.0, 111.0, 154.0
124.0, 111.0, 154.0
124.0, 111.0, 154.0
108.0, 110.0, 131.0
115.0, 119.0, 143.0
115.0, 119.0, 143.0
115.0, 119.0, 143.0
126.0, 102.0, 140.0
126.0, 102.0, 140.0
75.0, 120.0, 152.0
75.0, 120.0, 152.0
75.0, 120.0, 152.0
75.0, 120.0, 152.0
75.0, 121.0, 153.0
75.0, 121.0, 153.0
94.0, 120.0, 148.0
92.0, 118.0, 148.0
56.0, 102.0, 130.0
56.0, 102.0, 130.0
56.0, 102.0, 130.0
56.0, 102.0, 130.0
59.0, 85.0, 129.0
59.0, 85.0, 129.0
59.0, 85.0, 129.0
59.0, 85.0, 129.0
59.0, 85.0, 129.0
59.0, 85.0, 129.0
59.0, 85.0, 129.0
59.0, 85.0, 129.0
